sample_label,sample_type,sample_id,predicted_class,prob_class_0,prob_class_1,explanation_disclaimer,age,sex,on_thyroxine,query_on_thyroxine,on_antithyroid_medication,sick,pregnant,thyroid_surgery,I131_treatment,query_hypothyroid,query_hyperthyroid,lithium,goitre,tumor,hypopituitary,psych,TSH_measured,TSH,T3_measured,T3,TT4_measured,TT4,T4U_measured,T4U,FTI_measured,FTI,TBG_measured,TBG,referral_source
Sample_1_ID_8434,Original Test Sample,8434,1,0.04,0.96,"Model decision explanation only, not a medical recommendation",33.0,F,f,f,f,f,f,f,f,f,f,f,f,f,f,f,t,6.6,f,1.9,t,114.0,t,0.93,t,123.0,f,26.0,other
Sample_1_ID_8434,Counterfactual Explanation #1,8434,0,0.55,0.45,"Model decision explanation only, not a medical recommendation",33.0,F,f,f,f,f,f,t,f,f,f,f,f,f,f,f,t,6.6,f,1.9,t,114.0,t,0.93,t,123.0,f,18.4,other
Sample_1_ID_8434,Counterfactual Explanation #2,8434,0,0.52,0.48,"Model decision explanation only, not a medical recommendation",33.0,F,f,f,f,f,f,t,t,f,f,f,f,f,f,f,t,6.6,f,1.9,t,114.0,t,0.93,t,123.0,f,26.0,other
Sample_2_ID_1815,Original Test Sample,1815,1,0.05,0.95,"Model decision explanation only, not a medical recommendation",61.0,F,f,f,f,t,f,f,f,f,f,f,f,f,f,f,t,9.799999,t,0.4,t,81.0,t,0.64,t,126.0,f,26.0,SVI
Sample_2_ID_1815,Counterfactual Explanation #1,1815,0,0.515,0.485,"Model decision explanation only, not a medical recommendation",61.0,F,f,f,f,t,f,f,f,f,f,f,f,f,f,f,f,9.799999,t,0.4,t,81.0,t,0.64,t,209.7,f,26.0,SVI
Sample_2_ID_1815,Counterfactual Explanation #2,1815,0,0.5,0.5,"Model decision explanation only, not a medical recommendation",61.0,F,f,f,f,t,f,f,f,f,f,f,f,f,f,f,f,9.799999,t,0.4,t,81.0,t,0.64,t,389.2,f,26.0,SVI
Sample_3_ID_1421,Original Test Sample,1421,1,0.065,0.935,"Model decision explanation only, not a medical recommendation",40.0,F,f,f,f,f,t,f,f,f,f,f,f,f,f,f,t,0.3,t,3.1,t,141.0,t,1.43,t,99.0,f,26.0,STMW
Sample_3_ID_1421,Counterfactual Explanation #1,1421,0,0.525,0.475,"Model decision explanation only, not a medical recommendation",40.0,F,f,f,f,f,t,f,f,f,f,f,f,f,f,t,t,0.3,t,2.0,t,141.0,t,1.43,t,99.0,f,26.0,STMW
Sample_3_ID_1421,Counterfactual Explanation #2,1421,0,0.55,0.45,"Model decision explanation only, not a medical recommendation",40.0,F,f,f,f,f,t,f,f,f,f,f,f,f,f,f,t,0.3,t,2.0,t,141.0,t,1.43,t,99.0,f,26.0,STMW
Sample_4_ID_8503,Original Test Sample,8503,1,0.025,0.975,"Model decision explanation only, not a medical recommendation",22.0,F,f,f,f,f,t,f,f,f,t,f,f,f,f,f,t,1.9,f,1.9,t,182.0,t,1.95,t,93.0,f,26.0,STMW
Sample_4_ID_8503,Counterfactual Explanation #1,8503,0,0.565,0.435,"Model decision explanation only, not a medical recommendation",22.0,F,f,f,f,f,t,f,f,f,t,f,f,f,f,f,t,1.9,f,1.9,t,4.4,t,0.71,t,93.0,t,26.0,STMW
Sample_4_ID_8503,Counterfactual Explanation #2,8503,0,0.52,0.48,"Model decision explanation only, not a medical recommendation",22.0,F,f,f,t,f,f,f,f,f,t,f,f,f,f,f,t,1.9,f,1.9,t,182.0,t,0.6,t,93.0,f,26.0,STMW
Sample_5_ID_6636,Original Test Sample,6636,1,0.265,0.735,"Model decision explanation only, not a medical recommendation",33.0,F,f,f,f,f,f,t,f,f,f,f,f,f,f,f,t,8.799999,t,2.0,t,91.0,t,0.82,t,111.0,f,26.0,other
Sample_5_ID_6636,Counterfactual Explanation #1,6636,0,0.59,0.41,"Model decision explanation only, not a medical recommendation",33.0,F,f,f,f,f,f,t,f,f,f,f,f,f,f,f,t,8.799999,f,2.0,t,91.0,t,0.82,t,111.0,f,11.7,other
Sample_5_ID_6636,Counterfactual Explanation #2,6636,0,0.52,0.48,"Model decision explanation only, not a medical recommendation",33.0,F,f,f,f,f,f,t,f,f,t,f,f,f,f,f,f,8.799999,t,2.0,t,91.0,t,0.82,t,111.0,f,26.0,other
Sample_6_ID_2073,Original Test Sample,2073,0,0.985,0.015,"Model decision explanation only, not a medical recommendation",53.0,F,f,f,f,f,f,f,f,f,f,f,f,f,f,f,t,1.1,t,2.2,t,83.0,t,1.05,t,79.0,f,26.0,other
Sample_6_ID_2073,Counterfactual Explanation #1,2073,1,0.06,0.94,"Model decision explanation only, not a medical recommendation",53.0,F,f,f,f,f,f,f,f,f,f,f,f,f,f,f,t,510.01,t,2.2,t,83.0,t,1.05,t,79.0,t,26.0,other
Sample_6_ID_2073,Counterfactual Explanation #2,2073,1,0.315,0.685,"Model decision explanation only, not a medical recommendation",53.0,F,f,f,f,f,f,f,f,f,f,f,f,f,t,f,t,1.1,t,2.2,t,83.0,t,1.05,t,523.2,f,26.0,other
Sample_7_ID_4425,Original Test Sample,4425,0,0.605,0.395,"Model decision explanation only, not a medical recommendation",30.0,F,f,f,f,f,t,f,f,f,f,f,f,f,f,f,t,0.5,t,2.2,t,124.0,t,1.31,t,95.0,f,26.0,STMW
Sample_7_ID_4425,Counterfactual Explanation #1,4425,1,0.385,0.615,"Model decision explanation only, not a medical recommendation",30.0,F,f,f,f,f,t,f,f,f,f,f,f,f,f,f,t,0.5,t,2.2,t,195.1,t,2.21,t,95.0,f,26.0,STMW
Sample_7_ID_4425,Counterfactual Explanation #2,4425,1,0.11,0.89,"Model decision explanation only, not a medical recommendation",30.0,F,f,f,f,f,t,t,f,f,f,f,f,f,f,f,t,0.5,t,14.3,t,124.0,t,1.31,t,95.0,f,26.0,STMW
Sample_8_ID_1070,Original Test Sample,1070,0,0.985,0.015,"Model decision explanation only, not a medical recommendation",75.0,F,f,f,f,f,f,f,f,f,f,f,f,f,f,f,t,0.2,t,1.3,t,115.0,t,1.04,t,110.0,f,26.0,other
Sample_8_ID_1070,Counterfactual Explanation #1,1070,1,0.11,0.89,"Model decision explanation only, not a medical recommendation",92.8,F,f,f,f,f,f,f,f,f,f,f,f,f,f,f,t,47.67,t,1.3,t,115.0,t,1.04,t,110.0,f,26.0,other
Sample_8_ID_1070,Counterfactual Explanation #2,1070,1,0.27,0.73,"Model decision explanation only, not a medical recommendation",75.0,F,f,f,f,f,f,f,f,f,f,f,f,f,f,f,t,0.2,t,1.3,t,115.0,t,1.04,t,767.9,f,26.0,other
Sample_9_ID_1796,Original Test Sample,1796,0,1.0,0.0,"Model decision explanation only, not a medical recommendation",62.0,M,f,f,f,f,f,f,f,f,f,f,f,f,f,f,t,2.1,t,2.1,t,87.0,t,0.93,t,94.0,f,26.0,SVI
Sample_9_ID_1796,Counterfactual Explanation #1,1796,1,0.145,0.855,"Model decision explanation only, not a medical recommendation",62.0,M,f,f,f,f,f,f,f,f,f,f,t,f,f,f,t,273.65,t,2.1,t,87.0,t,0.93,t,94.0,f,26.0,SVI
Sample_9_ID_1796,Counterfactual Explanation #2,1796,1,0.365,0.635,"Model decision explanation only, not a medical recommendation",62.0,M,f,f,f,f,f,f,f,f,f,f,f,f,f,f,t,2.1,t,2.1,t,87.0,t,0.93,t,536.1,f,87.6,SVI
Sample_10_ID_8156,Original Test Sample,8156,0,0.99,0.01,"Model decision explanation only, not a medical recommendation",51.0,F,f,f,f,f,f,f,f,f,f,f,f,f,f,f,t,0.52,f,1.9,t,137.0,t,1.11,t,123.0,f,26.0,SVI
Sample_10_ID_8156,Counterfactual Explanation #1,8156,1,0.08,0.92,"Model decision explanation only, not a medical recommendation",51.0,F,f,f,f,f,f,f,f,f,f,f,f,f,f,f,t,30.45,f,1.9,t,137.0,t,1.11,t,123.0,f,26.0,SVI
Sample_10_ID_8156,Counterfactual Explanation #2,8156,1,0.315,0.685,"Model decision explanation only, not a medical recommendation",51.0,F,f,f,f,f,f,f,f,f,f,f,f,f,f,f,t,0.52,f,1.9,t,137.0,t,1.74,t,123.0,f,26.0,SVI
