Feature,Importance
num__TSH,0.24474173336958857
num__T3,0.19699271310045363
num__FTI,0.1520764253328631
num__TT4,0.1428374291342171
num__T4U,0.08316000659946658
num__age,0.03368732392703036
num__TBG,0.028537030731946855
cat__referral_source_SVI,0.008016722982345252
cat__referral_source_other,0.007556657736445048
cat__T3_measured_t,0.0069886313468066
cat__T3_measured_f,0.00673621097708559
cat__on_thyroxine_t,0.005955883638497565
cat__on_thyroxine_f,0.005092257384899993
cat__referral_source_SVHC,0.005013079158594675
cat__sex_M,0.004715168338124592
cat__sex_F,0.004527113012124662
cat__pregnant_t,0.003634624381698933
cat__referral_source_STMW,0.0035903436853712153
cat__TSH_measured_f,0.0032688455993282787
cat__TSH_measured_t,0.0030922719639944
cat__pregnant_f,0.0028856199377575394
cat__query_hyperthyroid_t,0.0027452281940033483
cat__query_hyperthyroid_f,0.0026907529516456198
cat__TBG_measured_f,0.002630603526060136
cat__query_hypothyroid_t,0.0026293991056873553
cat__query_hypothyroid_f,0.0025734739994571934
cat__TBG_measured_t,0.002103563519005356
cat__TT4_measured_f,0.0018425150204956495
cat__psych_t,0.0017667356262084546
cat__TT4_measured_t,0.001714264214863413
cat__FTI_measured_f,0.0016587390146673713
cat__T4U_measured_f,0.0016383360806296158
cat__T4U_measured_t,0.0016277835775836192
cat__sick_t,0.0016162591258869646
cat__psych_f,0.001576570657079217
cat__tumor_t,0.0015367082140801574
cat__on_antithyroid_medication_f,0.0014787577519250884
cat__FTI_measured_t,0.0014700486057931774
cat__tumor_f,0.0014578622169098751
cat__sick_f,0.0014312813155298023
cat__query_on_thyroxine_f,0.001271281707190471
cat__query_on_thyroxine_t,0.001226635399282438
cat__on_antithyroid_medication_t,0.0012071389337689534
cat__thyroid_surgery_f,0.001189547102841628
cat__thyroid_surgery_t,0.0010385972743911995
cat__goitre_f,0.0008766664237465356
cat__goitre_t,0.0008348646209857143
cat__I131_treatment_t,0.000702251199375634
cat__I131_treatment_f,0.0006891386914249862
cat__lithium_t,0.000467448248703961
cat__referral_source_SVHD,0.00043518454729302023
cat__lithium_f,0.00041267884925877163
cat__hypopituitary_t,0.00016473462427996522
cat__hypopituitary_f,0.0001470710398525138
cat__referral_source_WEST,4.17862814523027e-05
